﻿<DataModelInfo xmlns="http://schemas.qualisystems.com/ResourceManagement/DataModelSchema.xsd">
  <Attributes>
    <AttributeInfo DefaultValue="False" IsReadOnly="false" Name="Auto Add To Reservation" Type="Boolean">
      <Rules Override="false">
	     <Rule Name="Setting" />
      </Rules>
    </AttributeInfo>
  </Attributes>
  <ResourceFamilies>
    <ResourceFamily Description="" IsAdminOnly="true" IsService="true" Name="Power" ServiceType="Regular">
      <AttachedAttributes>
      </AttachedAttributes>
      <AttributeValues>
      </AttributeValues>
      <Models>
      <ResourceModel Description="" Name="Power" SupportsConcurrentCommands="true">
            <AttachedAttributes>
                <AttachedAttribute IsLocal="true" IsOverridable="true" Name="Auto Add To Reservation">
                  <AllowedValues />
                </AttachedAttribute>
            </AttachedAttributes>
            <AttributeValues>
                <AttributeValue Name="Auto Add To Reservation" Value="true" />
              </AttributeValues>
            <ParentModels />
            <Drivers>
                <DriverName>Power Service Extensibility</DriverName>
            </Drivers>
            <Scripts />
        </ResourceModel>

    </Models>
      <Categories />
    </ResourceFamily>
    
  </ResourceFamilies>
  <DriverDescriptors>
      <DriverDescriptor DriverType="PythonDriver" Name="Power Service Extensibility" />
  </DriverDescriptors>
</DataModelInfo>